Email,Skills
user245@example.com,['C++ Programming']
user904@example.com,"['C++ Programming', 'UI/UX', 'Algorithm', 'Software Engineering']"
user119@example.com,"['Web Application Development', 'UI/UX', 'C++ Programming', 'Algorithm', 'Software Engineering', 'Data Structures']"
user506@example.com,['Algorithm']
user678@example.com,"['Algorithm', 'UI/UX', 'Software Engineering', 'C++ Programming', 'Web Application Development', 'Data Structures']"
user851@example.com,"['UI/UX', 'Software Engineering', 'C++ Programming', 'Web Application Development']"
user798@example.com,"['Web Application Development', 'UI/UX']"
user738@example.com,"['Algorithm', 'UI/UX', 'Software Engineering', 'Data Structures', 'Web Application Development', 'C++ Programming']"
user976@example.com,"['C++ Programming', 'UI/UX', 'Algorithm', 'Data Structures', 'Web Application Development']"
user869@example.com,"['Web Application Development', 'Algorithm']"
user77@example.com,['Software Engineering']
user502@example.com,"['Web Application Development', 'C++ Programming', 'Software Engineering', 'Algorithm']"
user597@example.com,"['UI/UX', 'Web Application Development']"
user441@example.com,"['Data Structures', 'UI/UX', 'Web Application Development', 'C++ Programming', 'Software Engineering']"
user706@example.com,['Software Engineering']
user664@example.com,"['Data Structures', 'Web Application Development', 'Software Engineering', 'Algorithm']"
user606@example.com,"['Software Engineering', 'Data Structures', 'Web Application Development', 'C++ Programming', 'UI/UX']"
user400@example.com,"['Software Engineering', 'C++ Programming', 'Data Structures', 'Algorithm', 'UI/UX']"
user847@example.com,"['Data Structures', 'Algorithm', 'C++ Programming']"
user354@example.com,"['Data Structures', 'Algorithm']"
user188@example.com,"['C++ Programming', 'Web Application Development', 'UI/UX']"
user433@example.com,"['Data Structures', 'Algorithm']"
user856@example.com,"['UI/UX', 'Web Application Development', 'Software Engineering']"
user675@example.com,"['UI/UX', 'Data Structures', 'C++ Programming', 'Web Application Development']"
user318@example.com,['C++ Programming']
user810@example.com,"['Algorithm', 'Data Structures', 'UI/UX']"
user897@example.com,"['C++ Programming', 'Web Application Development', 'UI/UX', 'Data Structures', 'Software Engineering']"
user227@example.com,"['Software Engineering', 'Web Application Development', 'Data Structures', 'UI/UX', 'C++ Programming', 'Algorithm']"
user870@example.com,"['UI/UX', 'C++ Programming']"
user707@example.com,"['Algorithm', 'Data Structures', 'Web Application Development']"
user383@example.com,"['Data Structures', 'UI/UX']"
user697@example.com,"['Web Application Development', 'Software Engineering', 'C++ Programming']"
user355@example.com,['Algorithm']
user239@example.com,"['Web Application Development', 'Software Engineering', 'UI/UX', 'Data Structures', 'Algorithm', 'C++ Programming']"
user133@example.com,"['UI/UX', 'Algorithm']"
user380@example.com,['Web Application Development']
user519@example.com,"['Software Engineering', 'Web Application Development', 'Data Structures', 'C++ Programming', 'Algorithm', 'UI/UX']"
user619@example.com,['Data Structures']
user690@example.com,['Algorithm']
user962@example.com,['Algorithm']
user637@example.com,"['C++ Programming', 'Software Engineering', 'Web Application Development']"
user686@example.com,['Data Structures']
user791@example.com,"['Data Structures', 'UI/UX', 'Software Engineering', 'Web Application Development', 'C++ Programming']"
user231@example.com,"['C++ Programming', 'Software Engineering', 'Data Structures', 'UI/UX', 'Algorithm']"
user828@example.com,"['C++ Programming', 'Data Structures', 'Software Engineering', 'UI/UX', 'Web Application Development']"
user265@example.com,"['UI/UX', 'Data Structures', 'Software Engineering']"
user707@example.com,"['C++ Programming', 'UI/UX', 'Algorithm']"
user485@example.com,"['Algorithm', 'Data Structures', 'C++ Programming', 'Web Application Development', 'UI/UX']"
user320@example.com,"['C++ Programming', 'Algorithm', 'Software Engineering', 'Data Structures', 'UI/UX', 'Web Application Development']"
user171@example.com,"['C++ Programming', 'Algorithm', 'Software Engineering']"
user108@example.com,"['Web Application Development', 'Data Structures']"
user400@example.com,"['Web Application Development', 'Data Structures', 'C++ Programming']"
user838@example.com,"['UI/UX', 'Algorithm', 'Software Engineering', 'C++ Programming', 'Data Structures', 'Web Application Development']"
user193@example.com,"['Algorithm', 'Data Structures', 'C++ Programming']"
user87@example.com,"['Data Structures', 'Software Engineering']"
user484@example.com,"['Web Application Development', 'C++ Programming']"
user136@example.com,"['Data Structures', 'Web Application Development', 'UI/UX', 'Software Engineering']"
user989@example.com,"['UI/UX', 'Web Application Development', 'Data Structures', 'Algorithm']"
user773@example.com,"['UI/UX', 'Algorithm', 'C++ Programming']"
user43@example.com,"['Algorithm', 'Data Structures', 'Web Application Development', 'C++ Programming', 'Software Engineering']"
user440@example.com,"['UI/UX', 'Software Engineering', 'Algorithm', 'Web Application Development', 'Data Structures', 'C++ Programming']"
user427@example.com,"['Data Structures', 'Algorithm', 'Web Application Development', 'C++ Programming']"
user857@example.com,"['Data Structures', 'Software Engineering']"
user995@example.com,"['UI/UX', 'Software Engineering', 'Data Structures']"
user641@example.com,"['Software Engineering', 'Web Application Development', 'Data Structures']"
user527@example.com,"['Web Application Development', 'Data Structures', 'C++ Programming', 'Software Engineering']"
user622@example.com,"['Data Structures', 'Software Engineering', 'Web Application Development', 'UI/UX', 'Algorithm', 'C++ Programming']"
user672@example.com,"['Data Structures', 'Software Engineering', 'Algorithm', 'Web Application Development', 'UI/UX']"
user455@example.com,"['Algorithm', 'UI/UX', 'Software Engineering']"
user393@example.com,"['UI/UX', 'Data Structures', 'Web Application Development', 'C++ Programming']"
user265@example.com,"['Software Engineering', 'Algorithm']"
user173@example.com,['Algorithm']
user255@example.com,"['Algorithm', 'Data Structures', 'Software Engineering', 'C++ Programming', 'Web Application Development']"
user742@example.com,"['C++ Programming', 'Data Structures']"
user83@example.com,"['Web Application Development', 'UI/UX', 'Algorithm', 'Software Engineering', 'Data Structures', 'C++ Programming']"
user978@example.com,['C++ Programming']
user360@example.com,"['UI/UX', 'Web Application Development', 'Algorithm', 'Data Structures', 'C++ Programming']"
user169@example.com,"['Software Engineering', 'Web Application Development', 'Data Structures', 'Algorithm']"
user363@example.com,"['Data Structures', 'Algorithm', 'UI/UX', 'Software Engineering', 'C++ Programming', 'Web Application Development']"
user765@example.com,['Data Structures']
user967@example.com,"['UI/UX', 'C++ Programming']"
user128@example.com,"['Data Structures', 'C++ Programming', 'UI/UX', 'Algorithm', 'Software Engineering']"
user738@example.com,"['C++ Programming', 'Data Structures', 'Web Application Development', 'Algorithm', 'Software Engineering', 'UI/UX']"
user721@example.com,['C++ Programming']
user553@example.com,"['UI/UX', 'Web Application Development']"
user911@example.com,"['C++ Programming', 'UI/UX', 'Software Engineering']"
user473@example.com,"['C++ Programming', 'Algorithm']"
user273@example.com,"['C++ Programming', 'Algorithm', 'Software Engineering', 'Data Structures', 'UI/UX', 'Web Application Development']"
user136@example.com,"['Data Structures', 'UI/UX', 'C++ Programming', 'Algorithm', 'Software Engineering', 'Web Application Development']"
user790@example.com,"['Algorithm', 'Software Engineering', 'UI/UX']"
user575@example.com,"['Software Engineering', 'Web Application Development', 'UI/UX']"
user389@example.com,"['Web Application Development', 'Data Structures']"
user512@example.com,['UI/UX']
user760@example.com,['Software Engineering']
user891@example.com,"['UI/UX', 'Data Structures', 'C++ Programming', 'Software Engineering', 'Web Application Development', 'Algorithm']"
user395@example.com,"['C++ Programming', 'UI/UX', 'Web Application Development', 'Data Structures', 'Software Engineering']"
user828@example.com,"['Data Structures', 'Algorithm', 'Software Engineering']"
user1000@example.com,"['Data Structures', 'Algorithm', 'C++ Programming']"
user315@example.com,"['Web Application Development', 'Data Structures', 'Software Engineering', 'C++ Programming', 'UI/UX', 'Algorithm']"
user919@example.com,['Web Application Development']
