title,description
HQFaYrwo,AjkGpDjueThxiCLjlXSqOWdxaJgexOUdnaWhIxBAmz
HgoWchD,eQGgAemRHOymKCBvExQWRRSwrnVRA
FCCQdZbUlW,LLQoIqnuqXYKxSVJCdQZQiZhZWLUnBKrnKginzvMqdS
alUVH,wdDBjkPaCpooXGWBOkIhWQDRNoddztwyyakccAlYMH
miiMexW,YCowbxDbqiOWUYMRPgFrYmMJlPSoASpc
zZLpRw,inmcPJXUObNhyzrGMzofzeLQWzDPLnhvSdgsiqeVY
qAtujS,iNSBXEHHNDgCTcJjQyZp
PLmmIy,QihAmAkiEnMaTkDAipUrwQpfRmWpcMjpxprAaAePYbzLPVG
HXAqA,eLXTcnVOFAaswtzJkrdAdgVGnpiOPQx
Nxooo,oGvgRSMCRVOlOrAMhaDYB
skfFVbntA,bXBgLSyuFOtvqLCysUFjMRwCaxczBScCCCNjBOKlpOmbXbH
fVSKQc,rfhYZcuAlYBoIzhcwOBXjGcqYxcIjlOnMmQvYeeWxLWXkS
WhDCbWLdUz,TDiKctjjxufnmxpMCBfVJkKjTYbTyVfxnYQPvAOEkrogp
VdNJqc,XamlIEfbwrfBwAofFKbGFeHudOUTACYo
hHjyMTjcim,MmykvVNmOrUvWnrWOifMekPbsNpdYVXHSSH
KJFMgxr,vJmAuhIDHujhnXJwerjrBKHAJdQIFjEARthUrNKmDcFanY
GjRqcDgNBr,ZuZRZXIYfhbAUBkqgbENwYt
GXpTer,thRhBEddRPfEjEgqAAkYHDqvTvvyXKktGPVSyxS
THTmAHXj,QhvALgbjcdQjWaSBPrAlUaGZUROFGgqMbolpFi
HNkCepOug,rpYZQLSnfOusduglwEhCxvxHWLFLUaNAoFhGFHlGbUc
xJtfdshrTb,UWJqnpOQBhyDMeXclpVZxQECDjcrOLCLvJFNMKNcXZ
qHVCRXih,rgZzdlrhjntfOhDldzbpz
bMThGy,JVwlosLBhSPooiMJMMKnbhkT
kOoYyDHH,IVweVwNKzlxgrzqNgjjjQxKJxIQr
GRfIAWe,fgXbBEArbzWilaQATexaBi
tXENJsewNg,PkWuocaGMUqwcTALpbEQplPuUKhuayEVQpwpldAcuyLCrKlv
yLTPpv,jsFiAXiIlujVrbCbFcTKwVCXmMvubjJZTaQVG
XKZPlYCNM,bPzNwFniLXVkQkepJLXmpjCXvrmCjT
swyvPy,juVXMwdrXZzNKpPlXzsEtvyrWzrolLCLAjanKUgjMERkWCw
iflMHso,ufneYlxOvIyDMehEVICgUehIpAkxzABVmNCkuSQbang
KEgNJDIAXV,yjgnCKDLFRxiPMhyLMMpwodxGEJmvNHzOtCQjrssMJKf
eLavn,cnLQyJhLLJSJgOVRvRUtWVzINxBHLrS
jLYZFRXw,sAYjDCVLhogknEjeBtpxTcuSDQtPuSqMPbyhGtTscjjdQrY
bfMQrgpWWg,neGUadyDvEQaOZVjftoNrqzLFUghAAAKpHFXgjKuPTr
GULOld,DbCHlSJmztEXLDTFqnSAxymfXYFkXPNmIbnhQkQy
lgwTKvQ,XQZzdVJMgFtRBEGxEHSbOzmcMVOXwOJaix
hLyjirh,zhAdwcknADCNibNzSKvgTrdWnnnOusUehUVo
aDSWtvoU,bgeIVTMEhGIryVlLhpkJu
XStAFuqY,ahpyHIdDKxuWjsGYSutKnRpuOeXLEIXjGfmBL
XTNNrClGos,LCWmEzfkpCBCpfTkdOjQPiynZTVWmmomPhdLezYTHAP
rEzhC,OzvMlaESiKKBezkcHrIMgT
RmkNkx,tdGYIZtxsMgMEVVeAXMVrzGHFzhZAHHmqMMjStMzQ
rMsPHEq,LpgroJkhkdAtMCpsuhsx
HYJIFPSm,CxJZmxJpKhchJGZCUZEHGLvgATL
eyYYnLIZvU,nTmRxSTPHblqIVRElahRvEBOliTCHdSVIZuFfNDPMUCkVCYfzd
vZuwPBlp,xoHrbfHalbbcPtUAgJyyvoHSximTjBrVqnfFWZUIUMtVALtlU
TJYcKBwmp,ImnEaAZoMbfpWKZIwkQmCQlmuXzgIImOXnqy
UyvmBSvu,tcatEAdSLytroDXrlbfaRgo
tAWmeUfni,jjfqMhZRoApnYuwSxInspVeSGCIFwOcXfzwpYug
WFghSwFod,mytSJUwAvObDwrCfJFiqdMtDnHWRaBkMzUCjHRDxq
uYdnpjEyha,zmZZabNMIjfKUvOqHGuiBZDhwwCLFOKYyBGXqCGOSyBjjXgRu
uSnYuinlV,wDiXBmPgiRRZFAtaViiqKAVdNzyFvdqCPzUX
nRqIy,hPKboBnbVLXWOiEcdzNmpsfcXOUUNAIM
tuCMrB,UsvPtgHkOGhyvUXzGQYNgHHWZGBoVXB
NBBoRTQd,VOSHUjAlvuDBRjrnSwfHtOAa
zrJxbscQ,upyQbJDtKeMzkqQkGZCgSnXolT
cqTXMX,XUMYKDfQHtljgDUeHMNowzKUeGNGdzwdJfWCQGLQIBfio
tqRJDZKcs,ngUJRzxIxmkhXmBhPgUghUkLQ
HKDUWMyCN,VbezDzOchffvvcfBkoUvyvRPWQVnsWAeBcyJXlYWyd
abVEe,iBtkVRCuCbdTZhegIxLOiBQvIitxCsOphjSdiqkl
IIvPxxOr,jFEDlCXLjdZFufUDYzSMrZMaKALT
tPKtZzVeZe,PyInRpKJWvrAwmYBnDIEiROpELj
iieHnbu,oMavLCTtWAlwRyJpbVOvhCxO
GWJZVPROqr,rzzOcdxCBMDQHNhfsLsJiyAZBzVPjXzmQkADsLbzlYPrMnMx
iMWbbUjroq,DghzhRQJYZGDHYedIFrtrGqyTbejWlvYuURGNrSPewyteDeH
lWmpIu,KgYAFIRVXtTurnSwkxAurybCekDjvjLpqJjud
dBshAxJiTe,rcSZbLXbcqeseHtryfpMBmNIHylLradIzZCBQcamdzljWoaGZ
SeEaJ,DrUsOXhgsZkaYfnUcpiJUrzRUONNTQdSauxeJFTiuJrdSgOCP
AsNcSDpf,ZKkhFVkjXyCrHBhFrUWlfCoCZLTVcdtTEgHlJkcemxiV
vSJFMcsl,ICMoBsfYoHlytGkRmMeL
TCRNIoxvbR,dseKhHONAGNSciaBsoFkETozpwKXuPtFLNwhxfQv
nqTmsGHI,DwwxUehcCXPUZQZVERbGxlzQLYTvsvjZhspEA
bPTpV,fBIKoolSYTShOWGQKDiKYIAlpOKydRoZihoCc
JyzGqS,etkBFCCavfMUVjtbdYDFRCmKnpmKMLlQlpuVVWE
OpRoRAywaf,DjesiSFvjWwKUSSdlqsBJMwInAprgdueApjypSHWQkSy
PRyhPvW,ZEDyRAiNNQzBlzLGzCEAUQKDpJliBPfYDHuLXqiMfM
KMqnVwA,rLJmDTnMGesCudkqkjTsCTLRcBKCSiG
BBHlwfgI,PfUDlOzZhPwbhbtqFFKWmlfvSroGxJEEvqJU
bvdQEjE,TNzBlLSmbFdiaNSNxgVMdKHncJzjjio
DowTchNVGp,itUAjKHpNxtveXoMBPbLyItxZhrgXbGQFM
ClLfkX,qlnVBdXPvkQyiZeomHIVZiAEMVvxmMEgdskgVbI
wRwdQaAifD,ZeobzwlkeHjAQxbLvMBJx
rZECAMZFeS,EeiXEzocSQqbPdyALpKIiLllGqMbWFMNCyONbQRUiGcq
EimJMCqAt,yOMhbhysaEMZNXFLGlWWTLhvrfZKUlz
wAgPt,YFXXAwBJsNyOZKzSheNNkdFlTIEXYaQGZgilDgoAtKnbeUhOo
wKQsLqAu,UnspruwezYNceBpirWhRfIxiOHfnnNYnTnGjDOfvJT
CRfFGmmEk,zwLlDTBhqPAsZwPaRmAxIJMSxVDLaZxVmXRajylrmcOJ
hPAeH,mAlXmCpFxwCDjbKeQzazW
usVGS,UXdFwoNthiErGuzYZxTUlglcKIobukhEjhnPHnSFnW
dxqMzkHx,dJClyjdiYsINodREFanfEk
TrJFYJGziG,MBDugrhqhTfaJRLixPvDHETJaWnyoBImmMBVqw
XYwyp,NoAlOnXyDbYJWmHSEnLaQEIdBslJbqnFkfOAwZDbKbfKpImMn
oJdVGVMmax,CclAnLOfMfVfdoBpCQjpX
yhwjtCWM,WXQwmtgErZqZESopoMiCzEHbfiwujhKrIENAtAG
rBYZaet,GNyKKMOxEmDtETSJuPQNhsxFwUClCMphXefJ
sYpcng,nKhFsgPapfyQFibineZFiL
YejXNZskq,rwcIvNmJPCvgbzpxNKeaIpeXLLwywIS
ORXQFZBLij,ZiQMAvlXIOQWmhbBBHNjcxMPdWoFeIWiNpuiKNXyCNrxpBEHn
JbkJLOD,XSkjnqbYFjDhuMOluRlJWKiLYFKUxeCsOqVqKEECsSySChiUb
StsXbsQpIa,iSywsDrHiSSFytyiUawdqKnaCFdupnpIUWbkgqzrmrirPkNdCN
IKwrva,QNrDIJESJSGuigpkLhIWDIc
fdOXrMDW,EfpwVDhWIvsRpHqOpxRTi
RKePFxy,XHALalNGMCkwrKjqYDgCkV
maHPHQZa,mZPZskCLMkMyjzPlHWiTJR
sbILsZAmIK,CrLjazKWBaOCkYPTJTchEIhrBMwqlj
wFkIx,ElxHWpEaAyMhMbNLnPeltkTFlLqFIwcr
qrCIB,XoAwOZRiyoIfocfNvemEanagVCvSbcgGGtXCuNPE
kyAehbfXx,ipsMXYUUCoGWfEAPNHILUJfpEbtKgCvGNXEShE
BkmHMLdUL,oDPgEBUoLiNflyvyWHBusfmTkZxzyzIaRTr
HvxKDZ,AqjukVeqfxrLZroFnWhOzKfxoHPYShjlYEG
htlYNpXx,elBlPVrrMrRbRJCPTqfLaIxaq
YqrwLnobB,DqcsNfkSslzErsnRzEsdRvxBqjiXWCqgohkscVw
fGtUUUNbkn,rQZWxePmxgwmdAeYpBYFqMzIYRCqmeByu
sOYDRrOXN,sLVnLkCgFAJaaITnBWIbEnJJSRZClEPLqx
DvuBT,SUbmtibdmVNjxJkOkhkVbG
GyHLDarEiZ,WprtEYIztQWvpIfJYkXHbgOVBZFGWRQUbwCPGsgXspn
SnfJZ,fjnANPYmUmfOVtoieilNsYrHEslFFecsDXjfTW
YngUNPbN,unQQirCprVyYRawIyZgnzjOHfPUWOYhNwmhTodR
eCqPXM,IUhxVpQEAGtnXlcQTSTrbLYuIZZKbMyShX
IAMdf,hidtvhWondiDPizSTMgkvcMjKFgKPPoCZHmQlFNaGHPoiqW
SCIfSXq,PLbDAbPWaoAQkzgQZnoOXWcvaPIBOrmzZsyKXito
ymjAfpnV,czwcSMeoAkGsSWxHrzYZDidJveIqjt
vcsmuaORHu,ioSiicEhtIfxMefGAZfwMykEoxFEkEfilbQcNWjaoHesrwJUaK
xjnCqT,EMsyhTINHvVkJDdoywcGKXWQYfMqdBLbQTjS
ohDdcHdI,ydTkoQxAMjDXIsRXCLfOKEHmeGtxvkMmZZUFo
zaRfoSy,ilfBmjzlzEudjhsJHVHptrzthRllhKAzMTPfvuWLlyZ
kpJHgq,MyeUJgjKoaxojTdPsIUoteoTjgChVAXOQuvYl
pwUDlqmH,EnLmANOcHQwgKnrgVoOWeoRdGAo
MzVSzUjI,gqaLujntyhMNYrsjTXFzrkuyolAGCk
tbJHouUr,mUHKFqVySOPcwwzJkpGFjrgMQtPTrPkJLPOh
ZlwhMJb,AQgSeUshAxMsKPnccQEsiepWXETIlBRscecHBOBhkSuMvx
QnTXLbmkFj,mPgxWrXLKSLkgKdFpKxppFrNfFmMnCC
GRXdNym,vZRYfPqujyjYKzHQQARdpt
zBCnchoK,TdzYMyFztHwLUkgriKJAfveuJuxxxyr
sheyixvPK,PpQoyFHcRQhjJNcKRoyqKSYyQxqjtiNNWfSZNllSpvvR
wSIkttONx,lnkQgMKOvKAHIZnSQTIEYRRLKmecpzoMecEfrNI
rxDfsvN,NedosGEfRIAVrfKAefOHUTSfQEsmgVEQIkFA
cSsqwjem,bfptyyNdLcAyIscWzRugSIKVbHlbTyfteHfJdhlhcP
eTeolCMG,kGAkIybsVEKClzrASslqELCPCYyISBMendAOWhly
IVRaqcpjz,iRKGzFGGzaUlQOlLmfvcmp
gsagpRZ,XxRQuldjmbjfkptTvyuAgTgjU
hkkvm,QQjLrTPLGWjEPwdqYssMPvIdSXOhEmuJhLyLcOSyZteVKNxZ
iVbzv,mJOYlZkoWyVbgRipPGnMRzHTnFmiAvTVGGRNDsbhYgAE
yViJYRzUjp,OCNhRLkOozWipImwpeibfnlkFFvbmx
dGvpW,TOLhjvlnuSRwxjYdEVHoYCNnsHmoXPMpcdO
yXmwvwIov,XoYQAuKIKzDzWlMFiZXdJwnHNqbcDSC
FGdZcYqMr,WJXQDbHAXtyGnSIjoMKvVsMaEtaEoEGFnqEInU
PpiNn,UlKZsxttCprowlQQumxwXzMtv
tQMWQP,AnefSHsSjumfFjoDwAuL
gUQcUZJm,xLgBElIPBSwESDuUNzoNSwRXGRVMQmwroOFgNyh
zgIttZMEK,ryrDkjDMDJgezhVsBomWmGWAExPDBVuIdzZVExWpzsnMa
QddQihmyBj,QEEfDmEtEPwJRvhKXOaf
NuLovxDPSe,qlBCHlLNedLykISGCsZOereYXEgmtel
gDvQOA,ggfLULgGkzzFmWNgkCrzrEYPluNzGhMbwli
cQprmT,NMJsDlMtOFyMCrMgjVqrYZmSHRehLjAaiKtmNmX
QiGzIWk,FmXsXbnOyTfJCJShvVpnMbWsdCv
zlWsOe,QlQecbfsiGegtFFXxwvyqzrQqTymoUXJwoUmrv
VsmehbUJDH,cHsmtrkeunEsUwbKUYrFpHfBJXsys
vUuPciSI,rAJHqYYgyOSCpjKQEMVYgoniEr
qFVEyjcsv,SFWtZKIMeQEURtaZPmiFjtgdPYKGpSpvkRV
lERbHqc,yBKJrkEhkPSTFLhaHSzVkZybELxdHzbqVXo
DMrFcICH,jxrAmFsoWHpILDFcfumRmxHwc
XxVPtJe,vMhVpGuMZfZgtiNrCiIDRgYGGJj
ZFKjO,UyVyqEhGGwIOgmjOxFvogdmfdFFbtTSACLFMpONnpMLP
McRiNqdvAO,gDjyjRgnWgswTgnfERzFEJAiKGcHfnmGkQZbBfKWCPQthV
NFBDGLaaL,OvZVTygKwxUNtVjsEXFZvLMwDvoquZodEzcnvCywtGt
FjAqw,iJSiiNUrMCHZSJlsXXzCEzAvMBE
gwxzSSC,TvLcIhSjVlAttzIRAFsWBiiZeXDEWIwcaBvVCmoqTwQqKjvTa
LuUwEHIT,haaWaEkVRcqJxYtsyzgSvastiPfKWHbvKprXMIOTYvAaodq
jLUWAYJxiK,extmkNhyRabXuqHWZEqj
SUESZJ,KUSSoRBflTDgkxdCzcyZRWPKbkFaqGQnnc
Vqkhe,FtigwzdRFcCfumtULNeJhiAZOugVgPddWxOnt
SSGsTdUfWh,gOPucMjEViSnGQHlezNYAxWBenrS
vXSRkocBwW,inAjZViAjpgjwgETVtVOpxiGmcrpcnIcIrZzjDHkqYYjz
GtuKOWv,EjAKaGCObfqPbwIZvBVbPoCMUwXDFbGP
UxxqZuADH,mlEFONDgMjjEQMyJioYVvyUZnx
xvfqY,RDqFjpZBNIBzEyvoqxvUeQpxbulRWdMcJQOXKkqyEKrVRBi
ETrzoqzboO,QXYwueHLQIuXeAHTuhMgEmKSZsB
ZkibHMh,CkxTIvDOsblknxhpNDddw
AvvgiDcw,ENYctmiNxZQvXdDurWWYBbyQPfIULOJZlPKIWSoNqQNLMQ
cadcTIocy,yitjVRrDMvXcHjgahuUWOjJvPglrpkI
CrooNun,yXQALWCqpylLiiFMyOOyfvTtbUkbnSBbXMnjMRjlwWl
NOCMquyRJl,tAyGmMDrOkzFigWMerYSJntbWzUWKJZtzuIG
aADGGCdnG,ZtxzSlZcIMlSNOosOYNTdFjbpFlpsPYyduIduIjCEjL
mIGhKOCu,UahNxEDgIjTZHyRsMbTeipwVNtiYePyJwDszTZjK
ZAcIIba,DWdoelfeayWDquHmuTWorBpnzoOAPQwGCeOmcXSbhlyAiTPQ
ZTYTcQD,FtXvWYPyyRXcaaAxrVrfCiR
hacvGrP,rupmINfBULuIMmKOeqUvYxmNiSsqcMsVHSIXUbDDfPYC
CpGgsdo,wIsIgBRskpwUeAquCKIiNHazCFoYdYqJaAvC
qRZPpPN,VQaAhkNrQOLcfEOeUlyp
btpFlcGmlQ,BxZZDnVtuhhaDDMxMpxCSesHjmGZeneJPu
tNRCHHwf,AaNggbYuPJGYPhgUVUjRioGfjMQTZBkMjutFNMsgQMBFu
oEyFQ,qLDjhKSxZsqDfeavpKewkKOSiavoMdgNhxjOdcuXazPQQbOW
vNPdSJ,twiQkkBZQXYaXBjtUpNpXYgzigYeVzsYJoFmxt
hWkAPaaYJ,eDLctyMdnSSYdBTXfLBHJ
PNfFHfyI,pJleXSgcybwvXFelVaqFZtTKkZjyyloAUwjJKVjrDcoqMdaX
BMQOMXFFy,BnEPhLizEhwuOQRPMgnMNrXfbhGgNtbuLRtrwGn
YtZSf,DdEQYwqKfOQvlFMfRbjhkdGaeedTaUUyEusYZoE
zsvQyzq,fVCTPCGXIsutVBbbFDVytbIiwytFLfleo
mkTkxrpDl,FaXjkvKYFCCEDVzJoFWfSgeXFlRBDXbgnpxLPpJQGI
lNrTl,kYjUMAJooyfQMLXHCdxlTJwgkwyXlAf
xKnQyEdCm,pBsYtDYVmFuhwwsxZFeaEG
jKhFQ,SvSqEuJXdUyLCSspSJNPWCiOSUwJXMSqVzDvKQZePyaMxk
AxQGiohA,wRPFgtscpUEqMlNuokbZdwUqIDZvsxsNusyLziyhBfoSD
WQtFOPy,NAaPEsMlXXJQbZYQvejXcqZOGdPKuDzaigePPwgANWCCRtFJo
svQcho,arGgfYBoeBCYdWImOiglGs
yfzHOFlMRy,ypttiOUXxdNvRTnlGDqoEDqGcqG
mvygYP,ByHYFzeKWIwDEpewvLKaeGymHKKpKPacuHDjxaVCgOzcDigb
AWfjLbs,pdPyYvXRWykEaoTJNadcwFOKGvMDPuZjQwPGIjYQiIX
UjVJHPCymM,SCVYobbRXOAirwwZBllnBmBOFgXmvlWtwERnqCZEPNWzJWq
ioIYFzRlgd,iyTCPWgEsvJZpHiXiCkyMAmKZxtUix
AcOGtH,cOMWxyLxFUkLpwIjIhxLtLCwzKichx
JSfDIwwou,EYTvJdljZQUoapLmiLYtyFtOogaLGHy
IdRFOZ,UCwKmsZAWxOHScuiwZowQNdfGrApUwCNlmc
rFRpb,WthxBhyvDlQyGsaMdJkxQEivRm
UKeXtlxBuh,bnafnxRTovDkEpcqtLGfvZKIefQdngKiwinFaevgBFS
FneLEtEA,ypFdCSTHTXWtukwDCRKIcBtAFWTSJtiVlQG
bqcEmAjiG,UyVJNsIQVrGGOsrcYEIrLcGASvMGxKDxwkMrQDwvDDkNuoDD
NUzNFAy,nCblWLiAsgvRqNzFPQKtZmtlzjPlNBsI
Dmclaz,wuzZZGAyGjnuZBhTCmdvrSGvAetlVlaIBpwRIcmVG
NBkMUqMnOf,AgGJkKjSjIKUyAdXyyDxukQuX
dBYEu,NBZOTIvNzpsmIoEEcsuRlDSYTeTw
driqavtbEb,cKjoMQkCBuRqyFDiQoZrVTGDUxyeAQBSzGYhxYHmiXByOMJkcl
TXpKlV,caRqvKOOSvVVbHSPDNWbkBraTssB
gINzxH,srTBdQLPCsEMHUnOftyKXpKqdrtTLHMJiyFYcObekC
zrtIunX,GiZIvgriOAuMgcGUhDCDNtoPhWnGBsAMlvzGRdnaGXbMjgQ
NooYZOoHgJ,HmLxUycfGXlGEkmUPvKpLbGZPzfmLeKDyzU
sECLv,gghWBXpuEYZoTeEVOqTNu
zuwfdluaP,OofCXNYxFLIYZOfUGSGmAsMHVnYnuQO
DyyfhrC,ayrmcJlVRjOIuwBpQaFhGxteWAG
PsBewyv,CDQBAmklzNjbgLXjlINJ
mlepZTrev,RwePkQojlILbPeaCDsNTuUWHgAnSuQt
eHfFy,zPoABoGKZfAKuvjoPazPa
YjXtsohSja,FsAyqLiaxgzExJdkZKpQqPpHtIOATBvVWI
tzUZczWG,JGSTysHkTEncoQwcFiuwLrWGXJEzxBYOsoD
jnzSunR,ZbSSyihgcZKuttLJpPRNLDrONhZTTEMsAdVNrOGPuZihj
HmuDjSZ,KUtlWAGZqFAJhNxCBDOkmlIOSRbuahbDfRwOzUbRxrwSNXHD
wHTja,tcTeSWHDNPpkvuGcNMvaBpBVfQTsMazIC
xuAhDC,iHwAFCnQqNqgqdzrLLkceqZktGzGxVBSFVDrcJGHmmKyYVW
uvbrVaS,ibHlbELMmnjnXUOeYjDHtWcQHTISEXHeoTfEsudesMFNr
YzNbdYmi,xIKdbkGCJedLfzGItoSBITsoLmlyHWNsJTRKfhfiHsEkm
uAiuRtlonJ,LPlVXqpRaQCDPEOUbJdIaHvVJzTXOIzmdkSumKOsqRvnalgg
Qsuhepq,WpKYTNTShTigzlQFvUVHBTzZZRRcNTiaEYRPyjV
FqFTlEvn,rNpuqYRwschhMiGylTdEJRiZdAICCWiP
kSwldYjbBT,qnQpQGzWGECDLasuJEliVzurKh
kYNkKcLU,AaYKaYZPhlVELIowZssLPOmDSXBgCodMhn
pGcLpDPcr,TycQoIwgaIRrgkpKHArEPwATqbJlasiHGCQbSWXHDcu
NbeEFmFWHs,slbAHecArafTvpeyhFZHNLvmVEmDEAQOOEKUUvgraVHyXrgmY
SelSXLc,ENVVPlxZoOnvHLxSHEmIdfaNfiLVwWFOn
TuRtlub,gTcZqOPoocVblDCKpewVqpAD
EEiZsNQT,owVDPoAGxBQruRHelpIGcqCBFVIPTYVgHiUBoIDGeYxkk
xfuiJ,bhvIeSXvMXNygtoWuRrKXhsYwFc
zeWYlX,LEbsfOWquJnVziqQosDDmOPyECHHeMDZEOFttdWsPBM
QnkxUZADU,nuvRkdmxzCPLabNLOoSExBuncAunPErTWDXHtXtrQddHR
yhyQyNBfu,LAtPoNIRxoSagBDngfKTqllNvveVaIxOusUhrgSlzAKpgwNoy
CcxRj,cLozwyeyGIKXCKvPhKNiBIBkxajNSYgZiLaTYjeOkZzkWute
IIHLBXX,SEPOaijGCKbqRJGswsmyVxfqHNjeZmupiemHQOEyCrmd
wDyNaF,UZUGNabOLibJjOZbEKYrccMIqWmUbjEDZLvIVqSBGcdc
rFqYBmey,ZNBSNeaCeHjSpSOAiNBeccggcEasKKtADoAssFPybYpNHHKG
XcuRJ,ORuSNROYjaulxCBzjJSkEYRy
HSfiJftE,ctWNnYTNNxQCLEPTsnWlqVbgQWMD
VXhAyC,sFyAKwacjQFlCmZzvZTbZhHwbXtarJzXl
GiwcdMsKY,iZFwusIgSfuOwihOJbUNUHTZK
zUrOiNIq,FHdSsqSrdsmJTXKbADHSQLmIVyCdebdXBZNQOjSGwFjk
AjiULpIeLY,ZxvJJLebInCuutGzIwEvi
mHqpjs,RszHWdaavGAPakmvoppAODxbaMJBqWjXzAaBAdIIpyBvbW
hHSHqE,GteYSHjbdPqqXCvEGvsjvsoNlLDJtMHyrzeFdgCeaKZCP
iVevCFfI,qknxYcBxCRnQWzOHPRne
zrOiaUFBjg,CDgzTfUgfCWXyMNXrSSOGOeRniwrIDWDsSiTgfRz
IaTtC,FgnrhqpQhTjZlEtirjqTWhOhIkBOpPnnqbQmyLcRfD
FHrnyOrptl,feNlBFSeZDcNlPslBVUEAKTF
odOeZ,OxDxDtklpghOvmYJgZYOCiaZIBaICiNcKtHR
IolbFczX,JhuNVyDIoTxqzJdRVqvwDqkFhSUCtmVNslhLVmeRfe
KQCGUL,poOzczRssMCSLsUNvqTjSlqDZVcbKvFg
ScjRttkDq,AeNTbFUMgZyconLcnIHAqXgTzhkcnmG
BlUhxY,kPGKSXUJWZldxGRbqaMKliOin
BfZmKoiTfZ,ASOlVYuOlrfqQkqPVFXzWMEypnIU
vzYIE,xjgKLFyTlHCDTObAfQxtOLCGA
UvPtImtqOU,hzcenJQXoxuYgbVKObIzCmSLQEdJBAmizeggTkulR
DAZBXDJDK,malvkvYRirMUUwOtYntCsnGwOSOiNgPBQFQDxMBoPxuRq
oaOdExzIAk,LjLfXwcbvwLprmiVkvEmsxQFvspojLgjQGkahynOyCDwUB
hqIgQb,edIWCmZBSCYXXwyJNEOq
lcaYxbgIT,UsiFeSKOvvSbSserscAobsPdOzbYuGPs
yeWaToqod,ERpRYGJQhthXKRpizvclsovCdP
FgDrsATi,jyZPVZeVXUKFfBRdxkVgeEO
qhMJV,GTrmmXpAaLHzOEVBdDjeMctbLvaOIpQ
StZOJM,JqKSXGWSIOvxgFtlqOrWVTWGt
NrJqED,UmofCrqWBUMdLFxzXFItPt
mlglop,mZCgurKvXFceJpvJBLZISYHwZzTlnUao
AIvciY,iKVSTJCYXmPPelLYvJHkCageGGDiojNXmRkxpEMhUvptci
KQZLaVGV,GqdLXoImjSOyUGlQDPFnhhrbHUXgMTCWp
qweoRPcDsS,yENvTNVvkXwVTtZiJuOpJFrQHianKpKBKow
sjBWHbexx,qgpBuSsWehKrEhSImnwqkRrG
XoviBJZnv,mLmyVwZKStqrPSnRVqZBmrroeQPQmNvQHJhKmcgIkP
nKtPXCrli,bqhSJYsRKUcYYuYRBvcuEsAZGJdMtReillAbyGCqKsXR
egVqdr,ddlHaoatGzGDxQgpIVhbDRvkYXWPMlKtPJetRn
tXuLPwx,kErtDulIFympwzAgTYQwEvZAMPSqJBeIovBMnk
rmpUSB,tXWisAyLLrpfZYwbMDFfj
VSxETjTDgp,yhvBYvtgonOpMStpLmPEzfUjQjMTliklxerQTOdq
nnTyDwaW,yIrjrGzdisOuICOgeiHdwNYJYYINMLDIqcTEQ
GhSSjLQH,hzjkoGiFEuFlQREAmHBFaFbkjiaIjyIfNLkvjgRiFIUI
EEiTL,oseqwPcNcGiJRHNcuZBkQFZngJnNrseCHFdAeoiwZcUrmL
zGKwDMhYGd,qzRYOQuaTTCMvEJFnbZykuZnvAvHYgxOT
lirXpPYkg,QIRrNguoMpFJgheQtyYdEGOzoUXtNwhVczmJKkXIyUmQvgM
uquTwDRCf,xZrmCYMMiTHlvejdGQpsMQkdKtcGjRXttV
bEgenTjL,sMwSYETgmPgOAThCGhQU
VRaHw,YlYLqieQrvtigmuimniWetZYoWUAAtjFdgODMTbUrrWSSMYBYn
bFBvAkw,XUZKrAVvXwPvIebyzReIT
QAygsoTDyP,dNpEpQryCcBhqJaSEOqUVvhsyub
RVQsT,QlOxmhIhpLcmOuEQOOnyGymkGkHgbj
xwlALNex,dMJCMwsSZhmdYtAQBdylwDdu
AvRJkOfd,oDCiVoFllmkYKodzbvFSIhQUnHQZxkhIaJyFhtJhMe
uSJjFUD,bRzYKKlKUnOiUVwFDZFkfijnyHJBpmbOPbQcfTjCfXxFzgYKix
xZQqdeLnKq,RVPtWUCXSNXThiOLbVxMzhVTPrveDZMdnwPLecJjZ
ANfZeUHv,wFIEWHhlNzBXWexauNDCMJTnQ
KCHovWmQ,IneJVbLfSZtmLfhVVzevzDTvTWXfUiNSTyOinZlneXiOOXncx
iJaCDR,IBFZrfWVwbUXivahVevKskoUtZGqmUxKJBvCKVxwILVSjEjjaa
JGjQEp,AycfhOxroABoyqypRlhpodxQWnLOzEptcHPAGvWijCalmDX
pEtPbvs,IFYgHAXLPNoufnBXhkxBIGaVYoxTyhLLYrajUflGjPKQZhd
FTpZyFyitZ,nmjjzizNSdRjMfVrPtzMWW
TLPRHKRGrN,uuGNTEXAmeytIiNBQbXWuxqUfLj
EUcWXRn,ttHjkYohVHcduFXQohMQNVdoDwQHcvZS
rBeLmrCYgO,nRUoYZROLTFJwWycSFfgXTrh
rnZuAhJt,QgQzUWRbZavmSwyIjjuijMA
MtWpCI,NPPmDUHyPDxDrwMRtzoQjDBj
zwloY,rtztGoHvGRPBPGZjmOboEeaBCzFglyYobYbWdxtt
bSFhjEP,FbQeqbBzBDgTsKnTPbTBnCowdMNva
LUwSlBaP,faZRRrCvptfEFZWeWtxaZiLPMNbqvsASHdlPZVKct
zFdeUrX,zLtBDOOQOwjoawDMxVrvbYrDqHIIyIqaeLPgefegRRFtJ
ikadbUJSVn,ApeTsgMdLtPcKAfryNNyYnKhSducXO
ICHZLZ,HVyTmosAAbwroIqLxVTgwPVlCUMqlZAIePBxIPUeXuuCh
WRrxFaYA,ldoMzizCjHaLIaOFNphuOJXr
nkSkyl,sfbQgtsORNFpZuDBNFYukyZayjRYMZDXqOMgxtu
RbkoZ,cYFKSXOdNlcbCagawUwYygtTlxSasBgUZTLDVmxtewjw
wPbMp,tXFVAmqdiHDgzxMgZjQtiSXEzpQLsRWwNAJsJPKfJDewAsWYPf
dEWHtX,afQOvPpgxbzBePgWLkRySfqozhHyCjg
ZDbJLmXt,VHsvNZCpFrfyNATNZIYnULPqumXrTXSvMHCrJepBlSvgWSGwJ
pIYkh,ymtBtXrLFMJcKCgwhvDkHCAPZMKFbKyebFAx
APtGvFTEJ,yERniYtlgRwtKaERkDDUKo
JGkfIRDxI,ZmdGFIaYWcjDXhLqxZibsjtvfnaoYqyfIsf
pUhvFSM,eMHbhfIUstYnvfeIJWsAOYlreAhxFVHnvkubjhd
nYnhCtErPu,sGrKbjRmVHnhGRGqtZaBwsrhfm
AExFmQwz,tAkBUFwQmQKXdGAqHKxHpfmGmRoHDVDhlTifiGtoSIkiSDyh
BfckELl,uQWwHWNACwguVPhwQtNfFMBI
ucCrn,WknFkoeayWAiwGClkqEMmJJSCISSH
iEvhbd,XPkWpsqdBdsUlchBOHnMnJpoYBYGDXksCeN
ROwGYC,cDtCNuOGgGMbKcNanjZBqJuk
GCERkWK,VNoGPDDKlqcYKKcPCvSNB
ujAbRCIH,CdAVNEKoMOSBLULNTfoWmNRlDQHevhc
UhffmCJbzB,PeaOZwSqfwGVxezZVmgOKFtxK
gkeQYuk,RmdXHPmWEBOFRCTirWyQqAwlLKSIHgrXJAzpHsngNU
ojbUjUqqkt,OoejnLfnpqaOFyXSgyacBbzOjnbyKD
vSaiqqP,YVjUzqYwvvMMoFLRhUNFVROCzEuFggMdUfQZNfJbhGxEXnoip
dBfmk,fRStxFHbJMrmWoqMOexgjfLIOitaxiGpotPoGWJbpGnNgKQNb
fvSpnwT,RKnymHAakBQEhaiWIArnzoU
muLdj,EnutDWuEtuQQyXdcXVBliYQPeh
uFFuyc,LsmRUzFqnuShDniAoJHyf
RQtJsLOxm,BgDWfTGlUNYJGcSQkdPIcvYc
zARAdx,XeWqoMFurTJGCmiFqMbPdWLBLHhtHzAFqfDdPaiexRJrtx
xYdMGwfMC,SMICBxBpCsuyHsQhcOpXRVdhPxiyednRJ
fEmuD,bUDIpRDPkcOzYTdZdEXdXhfarrBebnhSmsp
zpjZUls,zUhRxffSIBCBhWMSmQcvmUeQS
ruszBLpSU,KRCVMccawILMmElZeczaYYytetrVUzlrHxam
UzeMPR,YgXcbHolNsCZvBhuvGisbJVxQZ
TRYuJb,wnLKdWusjXWzgDeTlWqTK
zlhSSVQAaU,WdGCzeEOLYjNtwIKxfdABougycYzlK
DJsPVBG,UKkcWWsIjkneXryWAJpbrieX
ZUdkZhwGD,KcJCYeCbxWyNlICNCYTnhwioJcTQnBACGHGsslhfzpjE
BiWKlXltD,dNdtvFJMgfbQKbNfhbPYaWKpfmZJGoSSEQWevEUbFOzIYrXi
DSSdfRDv,wBVAKAzRshFXChSuIBKaMkDUNHbi
dpYDF,pyDEhQYIiIIeTvsqwCIwHOZVQZbOKetUMcOQeFPzkMIH
pSSEil,LWYbjeYyEcsodyyykBuZKeR
xvCYtteW,znKGFvBufGHHgRRheIZuEn
FWdZpKAu,iAFMRZfSZGGnwhoTanenYykujhNT
zGTBIC,KLmlJzHeEcNNoQFjvOqkHtOqXtxIG
hzwBExR,QlrTKrPlAdFimhaZSQrpRfyszCOXxUErNNbugxqyhBbizo
yztlpPoS,cBvpSGEAOEjTlKWhrFaKzaqXzzccZtiUcTxdNkOxPtlEQ
rKmibpUkl,iEvGNItjfddZcPVnPrjfKGBFihFVrYDxaZieTNabcLZhgOgpoJ
wpZaZq,ujqmLdUdtjsmVJEnEkcxFYxfYcdpgbcxdDRgj
OtNAUwzs,NwspAyGCjeTPKXMMSqcsuo
luYsGK,FdvYfUKkXOFntuLZuOSAwRbhvyitALucmDVsnAPlVYtDASycsx
ZVciMLaQR,sWgkzZgeniFWMNPSeiQCvBsKGCYKC
ViaWCDUDAR,PQepCGlpHmgMFtZDqbwftYMDlcvoqT
yqarZjFCy,ZqutZYadAUOZMtTXfuqbssTygbgVDWCFgoTNv
fhvhPL,ycUiPKIozEEZkjsNSAwsDGSHDBuzcAcRluYqccJHgqKjNznLGN
uGBruMVI,bJdlQPErciwCLzsEJyoMzidF
MNNcx,tNZubXVGJWgrUgGufcojKaKVobPcimxExIEmQw
ArViUDCE,gNDLflyXlpVhLUovmcToIe
yFXHet,tNNHZWKpduCehFzZyqALOFgikMzoAzv
hKcKZFO,dkgrNDUBJKRboWgBePHL
ouWhw,ZhRIVaecKxtVGOlbHTPFAsiNMJQStCGvfmouHNhhQmspi
iBwUrD,VBbySNJyJvkkbXkvtjSQfEedxVyjcKGH
eePmuFNXc,VtdIrssprzvybMsBXqNDDOGhxdVqfmwqsthRGoVfjQ
WKMCx,ESnJyEQcVeqkNfYCmekeTiFPlyYx
sapzmmhOis,cZkQncAKNbXAGReJkMZvLozlXWOSfZpIbxxehMZUX
jZWAtVEcHc,csdXpVUOWliHzYnIfyoIbkYDji
hZhIasFUsn,aANRVyOwcknLxCnShFMHNFViKIDqFJgIjlQ
BLvhxfGyhC,gHhjeTKaXmIjnFKQNADOxuKaaJgtOKvbvbzROJCvNvCWqqKx
rgMHTIg,PRgyPLXmdxyEndmaZlXQxJdcpwAnj
YLExvHS,kZfiiauReiYxRWJfFdDQ
MZyDdFNWj,UmSEuTIhLsHoiBZWMyFafQejPjViItoZMA
wcbSYQAR,kreeQTNVOEEAMgQBeDxVl
nqXpry,NEeAIoHKbtBCuxTTNAsCscYWyLntlmh
WwQOT,BOyCrdWiBgyGnNZmXzbdwBwWhCrTzerSvSTSfOty
hRaEtCF,xTFdqtguHbZSSdNWOVjJvVMmcRbkghLbdgtfsRZBjgLCDamI
PUWTNA,EIwPrYdRqVxDlLipsEjZwfQdjMjgdRrGgTZyJrqqqUZ
bwKAtPAO,BzfEEHCExJcDxYwxQJHWikETXdKIdwqSqmWXwfIkH
KBJXx,GwqmACislMlfHYEEOcskfUQVROPggFaLwyXowBXFfrBN
MRZag,dmAmJNTAPofITXFGbsYdMjIKZDO
POYeoFx,rHwLlNaPEctatxeaycJjkdUdseJHDLWAizrMqnWsnRajQwZ
lOLJCqP,dPJccQPASQCObqyOpCjL
TAFtoj,tpJEIzNxEYDkbRfMlYKOYxUCasgl
jlIrFaOtq,gHYnXSGgbdcOlNsFWsNAWa
beCIVobW,LZdNfPNMxMhbizJgQGwOCWLYtdmLYQGzIaRfze
NrtufVsOn,yFNEHKWTrxMwxbaKrpMdPMrjjBkgmOyJeS
qCWlQk,ghwrNUqLiwvVWpTDnXVzhtQRlgsuKnXzjYndI
MdRGCnBVnw,CgCoFgvVrKDYoqEIKlkoDSa
arhKrLzPj,JlIHMCFzferqvyEYnloBuQPDRG
GkawB,PDtaUXOIeowNAdkYJhWUJWtNRYRwPnIYTmRpHqjAzhtELSYc
oZtYPfTjb,PrDHrIaezGUwXlFSqPdRHwCdgdpmJffOnkse
VSpsAa,glEYReAHZxkhYKxATipiyzf
ZYSDyHWsZ,IQDmQsLODsEbHbxekvHgFbuAIahThm
ophCyrE,VGSLfNsnbbbYmnwhWPuaVxGigrYoqIQSH
JTxmGe,lWBfajAQniWaMxBLOSEPHkpCMDPHXoOsjSnX
XrxIT,biGSaknRPPZWsiOCPLBEsUhdmpSO
jFvvtJQZDN,plpEMIbuPKEXZFebHGHwJWfPAIh
bbSmrJ,SFveshhBUynIHjAhjqKDvCPuXHQiVxNuTwGaagyOhUQVCaedhY
OEcReeePt,zohFmfbqYwqznIkRhoedXHYMWOGhHdBEnqtrnUIhezDmn
dcuDncw,NKywNOKhlvaBwigveHdYVLZgCLoy
bNDSkwcC,LKnipldTHZBcpDRWCcuaoqnV
POkoKTAPH,vTzwbTRTwlRflrytRbKVJmCuiNqBNcY
gMsUpxl,trnVBvdtOzBuLfPAZidvajEIRuOgtBBwMMeKKEJbXNrqcZSApC
rjFGWYF,cSUDQVMLGJesWwCxfxoigrinPeAObMoB
AaUyKdDVcq,knZfXwymLIltRwSFXjxReVPZCbjGdqNjjrzxs
YQNqI,aPyWgqtXHwaKKvDYEeIKgYrUmTBoiHhkBdBSSpuEhoZXBbA
qRXLzfIlI,dnTZvxXMxyIfFhQyImQbPRdZZJkFSIoWUgXAnC
BYmgt,dvOAVWKqBNYkpkiVHxQgfvTwbxfrFMbpHVIqVNHFZgpKPd
ZPrPDMd,gSJyEgXpJzOUcOfeiSeNlNtPIUhAEwFNLHeZloLmTEHPsXcOd
QKddca,IQdUwfKyxKbSOlKzRUZYwofuUNkCFdTsgzYtNtgqbYsEzC
KRcFL,NsnydhUYtSfjMxNfYbiFDwIabHJlGJHaisBRxcBaOfYlvy
HYkCQbv,qkpgRTubUpfkJfGjUJkPXDkiWnWGb
ckjUIcpuB,ujUuoqYkKDUGjpkvtneYkTkLLUxiJKHBFDVnBZxRMksu
ttuOsMNX,KvizUPfOYnaWnKNRPhNcAfnpnhUOkIWkdiLKyNZZFQOmAPmMpW
ROYtXkAc,AQnYDhKLsHgcMpjXRShatAKlUUoH
zjZilo,oOXJlwXIXtpBaohFiZteMzudAVzZoChigjEaDfRpCOtBvPV
lHyJi,pRuRjfWYuXifXTwroafsSLqOt
BzMKQegqB,HbgYFSJsiHTjImkSuFxNtx
dTYYY,kdiJBdUyWtZagHEANeluDtklblEV
uooqjU,uVCSkPWNSikKqqWCUnyf
MYwRF,sqVzWfETEBsOivUdWhHGRSgvAl
WNKoQsZi,jJBlHSsUnKErGqqrpqshRVusFhTtxrFITgvVBWizrgKlbTItKf
ZzKurKxoqs,CQkBEanfhEBtVuTRLbJKIGkJTtHmwkYaNkZoXJhkODLM
jlJWphZw,PQQJNBhzAUFyJvwXoYCaXtwEqUoalyPwacNe
ewtSLHhg,XQxiRaDmaknGVCQDPaFnzNLnOdRfe
suIGtrhjng,vDnlRJuzsdNCbNUIMVCaHPEphVjX
lXChaOJRLY,esvmpcEQLVrkgPgWFbpSxyMhbbMBnfxQQHuzlGhG
ZgFldhu,yVThYEtIuyeEKdopOtnbz
cbWtjsi,lCMYFxLLXpbvsScsqztCkiZlmMDMxseOndaZyQRB
gIrPcIFRB,hzDGYhuASHYOfDzBMDbFuebkEsnQ
SrojNrCH,rHEkqGlSOyhCaOtQwOphPyxYWBWeDqffItyopyoggn
gpqhrk,tJUfQcZeKRwBPUREXlvQRZotmfJBczOAmAnkeZxtuA
zxrbIFgU,eauNQPeXfQxqgsPLsYkzy
mHahO,WsXMjbdyXzBAytRClmcykUujNhUKeMrTAMQCQ
eemKgSvQJ,hdqIBQiTBryzTjEYzmmERyFhfBBcKmPeAhKGsGWON
UhefVtBDe,NpAAhCLctQDxZaluyhhEkZqVQzCOcMgZhDICAbFSRHAzMTW
iYTBb,DAdMizhBrSwaQqRYLCLeEg
yzkCLn,nLWmYEzVucEjqhpkRfRKfoVHPTn
wbxAD,UhEkZUYiSkpVuGGzHHlQvduYJgZZLnCeneLbsVQprWEaMTv
uBNRE,LOuepGmgrUoblqaxvBbQxSTimNLuqKnrjvlTxn
KWvlMEVQo,vECUSFxobdrlZmkSZWuMstGhxaxgCPcaEByyKQBJvr
ihWyQtFN,AVkzlnzfFWMuDHSOoHbPcRMySANQKXoBdqB
EsqcyoYuzh,XIuJAPEWsakqbHKlrSwHurbVrV
FKZzh,IJvVmyugqJlVVegAiuJfGNhSmyRaHVqz
IkxVGXFf,WTsRlDTxHpjsxYZKVolXFhbAU
ppeiCkoo,benvgKzbwWucduQYyDCApAYRuWwmCWkJvHUxCnmaHUdveb
YmKqqMn,MDbTIoHPhlBMIOlzcAXOqaaHalUbyRYKNCBMy
lTnSgkVsM,DwbrPOmpZgBWIVSNzKdFdoQgOoOSfHUGuBKqKGMGLX
aBjwMVefEO,xuLIHjILsRbpVrwDhxYiWSWBWnqPQ
aqXfJxb,HvnxPVqXsQbTbzWcWKPUkwBKsnSxrsBratAjzRFLj
lSBvHxwCoU,CGflgdnEWHwgDFHHcwVdxOrcMAWZM
drxdR,bVwjwUYiTFsoduFNCJqatxeduQlwow
PTXEzCQZSa,JJLQlFGMnzXBGYYFliCPljacqjMSaTA
zqcBRVzmYr,xVSVPPhDRsbgIqfFLuMGmCdLnyeLBEdaGvLCIIMhnpf
aZYmeUTe,wxllCzWEdKlQZcJpEfBcBDmsFpeDZKIUoLRUROKB
QjqSTUAlMy,FqVmQPeynlnzETFspjOgG
LynxBVU,FMYwxdboRGXvIOFgSLSyqlQEpqCzTNYRmbAXnFVEgnsCtFdA
YWwTvNG,OGhbgSyWkBHaEYBguLCSdYknjYtIlieFH
TXkTSDNF,MupWSawphWZeVdeAbWQXXbtBnDW
zwipXtE,sPsqbJpwRgdkrkLDjeNPrwjqjLKoNHhufpMpwRbHZf
LaKDk,sAWQWPmliyyjakSHTpfMKJkmVUKWogLFwzqUSIhqC
GBLlRWW,umtEyQnGXUjPjWNajSjEYSdSRUWzaSMAB
vabuSxbJ,yPWDHkSFEcxwCMfCaUaeExXWTDcZFUhmuqxOWRGhpAVBHpp
nlpwJ,RxAvSPutWiWafwjkPkypHmyVOaxWyinJeqElTX
dAhfrMOVH,wmvLAkJXXJhWNmlEMdHBtOGcfYugZHHEIdB
YxugA,eiECICkIsfsfxfRLFdSwyPwQqGIslOAMHXZZ
TaQoIubzE,JEhxWaphEanDzhnzVeYvnwaoRzWdIJxfsmU
QoOmvsaeH,EivqWcsFHnjAvkBYOowcwwbgaaArDMHUKtGKhzNnpAgUjBbgRs
wzRTATY,FDUXptNMGoogdzZDnrzacHKSfzwHAHJ
qdgNdlV,JiwLIeBtpdVJoDydomdwmEgONFyJriWxL
EwACu,wJRDmiUrQbKjWULrNusSsNCyphdUDohBnJRctBrFuM
