title,description,project_tags
Create a Android mobile App programming system,This project involves Android mobile App programming and requires a team of developers proficient in Android mobile App programming. The project will involve 3 months of work.,[]
Code a Data analysis platform,This project involves Data analysis and requires a team of developers proficient in Data analysis. The project will involve 3 months of work.,[]
Develop a Web development project,This project involves Web development and requires a team of developers proficient in Web development. The project will involve 4 months of work.,[]
Code a UI/UX design tool,This project involves UI/UX design and requires a team of developers proficient in UI/UX design. The project will involve 4 months of work.,[]
Design a Data analysis platform,This project involves Data analysis and requires a team of developers proficient in Data analysis. The project will involve 6 months of work.,[]
Design a Android mobile App programming project,This project involves Android mobile App programming and requires a team of developers proficient in Android mobile App programming. The project will involve 4 months of work.,[]
Create a UI/UX design platform,This project involves UI/UX design and requires a team of developers proficient in UI/UX design. The project will involve 6 months of work.,[]
Build a Android mobile App programming platform,This project involves Android mobile App programming and requires a team of developers proficient in Android mobile App programming. The project will involve 5 months of work.,[]
Build a UI/UX design system,This project involves UI/UX design and requires a team of developers proficient in UI/UX design. The project will involve 6 months of work.,[]
Create a Web development project,This project involves Web development and requires a team of developers proficient in Web development. The project will involve 5 months of work.,[]
Implement a C++ programming project,This project involves C++ programming and requires a team of developers proficient in C++ programming. The project will involve 5 months of work.,[]
Design a UI/UX design system,This project involves UI/UX design and requires a team of developers proficient in UI/UX design. The project will involve 6 months of work.,[]
Develop a Machine learning system,This project involves Machine learning and requires a team of developers proficient in Machine learning. The project will involve 3 months of work.,[]
Build a UI/UX design project,This project involves UI/UX design and requires a team of developers proficient in UI/UX design. The project will involve 6 months of work.,[]
Implement a Data analysis platform,This project involves Data analysis and requires a team of developers proficient in Data analysis. The project will involve 3 months of work.,[]
Code a C++ programming platform,This project involves C++ programming and requires a team of developers proficient in C++ programming. The project will involve 3 months of work.,[]
Develop a Java programming system,This project involves Java programming and requires a team of developers proficient in Java programming. The project will involve 4 months of work.,[]
Implement a Data analysis project,This project involves Data analysis and requires a team of developers proficient in Data analysis. The project will involve 5 months of work.,[]
Create a Data analysis platform,This project involves Data analysis and requires a team of developers proficient in Data analysis. The project will involve 5 months of work.,[]
Code a Machine learning platform,This project involves Machine learning and requires a team of developers proficient in Machine learning. The project will involve 3 months of work.,[]
Code a Data analysis system,This project involves Data analysis and requires a team of developers proficient in Data analysis. The project will involve 6 months of work.,[]
Design a UI/UX design tool,This project involves UI/UX design and requires a team of developers proficient in UI/UX design. The project will involve 3 months of work.,[]
Design a Android mobile App programming app,This project involves Android mobile App programming and requires a team of developers proficient in Android mobile App programming. The project will involve 4 months of work.,[]
Create a C++ programming app,This project involves C++ programming and requires a team of developers proficient in C++ programming. The project will involve 4 months of work.,[]
Design a C++ programming platform,This project involves C++ programming and requires a team of developers proficient in C++ programming. The project will involve 5 months of work.,[]
Design a Android mobile App programming project,This project involves Android mobile App programming and requires a team of developers proficient in Android mobile App programming. The project will involve 5 months of work.,[]
Implement a C++ programming tool,This project involves C++ programming and requires a team of developers proficient in C++ programming. The project will involve 5 months of work.,[]
Design a C++ programming project,This project involves C++ programming and requires a team of developers proficient in C++ programming. The project will involve 5 months of work.,[]
Create a UI/UX design app,This project involves UI/UX design and requires a team of developers proficient in UI/UX design. The project will involve 3 months of work.,[]
Develop a UI/UX design system,This project involves UI/UX design and requires a team of developers proficient in UI/UX design. The project will involve 6 months of work.,[]
Develop a Machine learning app,This project involves Machine learning and requires a team of developers proficient in Machine learning. The project will involve 6 months of work.,[]
Design a Android mobile App programming platform,This project involves Android mobile App programming and requires a team of developers proficient in Android mobile App programming. The project will involve 5 months of work.,[]
Develop a Java programming tool,This project involves Java programming and requires a team of developers proficient in Java programming. The project will involve 3 months of work.,[]
Design a Data analysis system,This project involves Data analysis and requires a team of developers proficient in Data analysis. The project will involve 3 months of work.,[]
Implement a Android mobile App programming project,This project involves Android mobile App programming and requires a team of developers proficient in Android mobile App programming. The project will involve 3 months of work.,[]
Code a C++ programming project,This project involves C++ programming and requires a team of developers proficient in C++ programming. The project will involve 4 months of work.,[]
Code a Machine learning app,This project involves Machine learning and requires a team of developers proficient in Machine learning. The project will involve 3 months of work.,[]
Develop a Data analysis tool,This project involves Data analysis and requires a team of developers proficient in Data analysis. The project will involve 5 months of work.,[]
Code a Data analysis project,This project involves Data analysis and requires a team of developers proficient in Data analysis. The project will involve 4 months of work.,[]
Develop a Web development tool,This project involves Web development and requires a team of developers proficient in Web development. The project will involve 4 months of work.,[]
Implement a Machine learning project,This project involves Machine learning and requires a team of developers proficient in Machine learning. The project will involve 3 months of work.,[]
Implement a Android mobile App programming platform,This project involves Android mobile App programming and requires a team of developers proficient in Android mobile App programming. The project will involve 3 months of work.,[]
Create a C++ programming app,This project involves C++ programming and requires a team of developers proficient in C++ programming. The project will involve 4 months of work.,[]
Develop a Machine learning project,This project involves Machine learning and requires a team of developers proficient in Machine learning. The project will involve 6 months of work.,[]
Implement a Android mobile App programming tool,This project involves Android mobile App programming and requires a team of developers proficient in Android mobile App programming. The project will involve 5 months of work.,[]
Build a Java programming app,This project involves Java programming and requires a team of developers proficient in Java programming. The project will involve 4 months of work.,[]
Develop a Android mobile App programming project,This project involves Android mobile App programming and requires a team of developers proficient in Android mobile App programming. The project will involve 4 months of work.,[]
Design a Android mobile App programming project,This project involves Android mobile App programming and requires a team of developers proficient in Android mobile App programming. The project will involve 6 months of work.,[]
Create a Java programming platform,This project involves Java programming and requires a team of developers proficient in Java programming. The project will involve 3 months of work.,[]
Develop a Machine learning app,This project involves Machine learning and requires a team of developers proficient in Machine learning. The project will involve 3 months of work.,[]
Implement a C++ programming project,This project involves C++ programming and requires a team of developers proficient in C++ programming. The project will involve 5 months of work.,[]
Design a C++ programming tool,This project involves C++ programming and requires a team of developers proficient in C++ programming. The project will involve 3 months of work.,[]
Create a Java programming platform,This project involves Java programming and requires a team of developers proficient in Java programming. The project will involve 6 months of work.,[]
Implement a Data analysis project,This project involves Data analysis and requires a team of developers proficient in Data analysis. The project will involve 4 months of work.,[]
Create a C++ programming project,This project involves C++ programming and requires a team of developers proficient in C++ programming. The project will involve 6 months of work.,[]
Build a Data analysis platform,This project involves Data analysis and requires a team of developers proficient in Data analysis. The project will involve 6 months of work.,[]
Develop a Web development app,This project involves Web development and requires a team of developers proficient in Web development. The project will involve 5 months of work.,[]
Build a Android mobile App programming tool,This project involves Android mobile App programming and requires a team of developers proficient in Android mobile App programming. The project will involve 3 months of work.,[]
Develop a Data analysis app,This project involves Data analysis and requires a team of developers proficient in Data analysis. The project will involve 5 months of work.,[]
Implement a C++ programming platform,This project involves C++ programming and requires a team of developers proficient in C++ programming. The project will involve 4 months of work.,[]
Code a Data analysis platform,This project involves Data analysis and requires a team of developers proficient in Data analysis. The project will involve 6 months of work.,[]
Design a Machine learning tool,This project involves Machine learning and requires a team of developers proficient in Machine learning. The project will involve 4 months of work.,[]
Design a Machine learning project,This project involves Machine learning and requires a team of developers proficient in Machine learning. The project will involve 4 months of work.,[]
Implement a Java programming app,This project involves Java programming and requires a team of developers proficient in Java programming. The project will involve 6 months of work.,[]
Develop a Data analysis platform,This project involves Data analysis and requires a team of developers proficient in Data analysis. The project will involve 4 months of work.,[]
Create a Machine learning platform,This project involves Machine learning and requires a team of developers proficient in Machine learning. The project will involve 6 months of work.,[]
Build a Data analysis tool,This project involves Data analysis and requires a team of developers proficient in Data analysis. The project will involve 5 months of work.,[]
Build a Android mobile App programming system,This project involves Android mobile App programming and requires a team of developers proficient in Android mobile App programming. The project will involve 5 months of work.,[]
Design a Java programming project,This project involves Java programming and requires a team of developers proficient in Java programming. The project will involve 6 months of work.,[]
Implement a Machine learning app,This project involves Machine learning and requires a team of developers proficient in Machine learning. The project will involve 3 months of work.,[]
Code a Data analysis tool,This project involves Data analysis and requires a team of developers proficient in Data analysis. The project will involve 6 months of work.,[]
Implement a Android mobile App programming system,This project involves Android mobile App programming and requires a team of developers proficient in Android mobile App programming. The project will involve 5 months of work.,[]
Develop a UI/UX design app,This project involves UI/UX design and requires a team of developers proficient in UI/UX design. The project will involve 4 months of work.,[]
Design a Data analysis system,This project involves Data analysis and requires a team of developers proficient in Data analysis. The project will involve 3 months of work.,[]
Code a Machine learning tool,This project involves Machine learning and requires a team of developers proficient in Machine learning. The project will involve 5 months of work.,[]
Code a C++ programming system,This project involves C++ programming and requires a team of developers proficient in C++ programming. The project will involve 4 months of work.,[]
Code a Java programming app,This project involves Java programming and requires a team of developers proficient in Java programming. The project will involve 5 months of work.,[]
Develop a Web development tool,This project involves Web development and requires a team of developers proficient in Web development. The project will involve 4 months of work.,[]
Build a UI/UX design app,This project involves UI/UX design and requires a team of developers proficient in UI/UX design. The project will involve 3 months of work.,[]
Code a Java programming app,This project involves Java programming and requires a team of developers proficient in Java programming. The project will involve 6 months of work.,[]
Design a Web development system,This project involves Web development and requires a team of developers proficient in Web development. The project will involve 5 months of work.,[]
Create a Machine learning platform,This project involves Machine learning and requires a team of developers proficient in Machine learning. The project will involve 5 months of work.,[]
Implement a Machine learning platform,This project involves Machine learning and requires a team of developers proficient in Machine learning. The project will involve 4 months of work.,[]
Create a UI/UX design project,This project involves UI/UX design and requires a team of developers proficient in UI/UX design. The project will involve 3 months of work.,[]
Design a Data analysis tool,This project involves Data analysis and requires a team of developers proficient in Data analysis. The project will involve 4 months of work.,[]
Implement a Java programming system,This project involves Java programming and requires a team of developers proficient in Java programming. The project will involve 4 months of work.,[]
Create a Data analysis tool,This project involves Data analysis and requires a team of developers proficient in Data analysis. The project will involve 3 months of work.,[]
Build a Data analysis platform,This project involves Data analysis and requires a team of developers proficient in Data analysis. The project will involve 5 months of work.,[]
Develop a Web development project,This project involves Web development and requires a team of developers proficient in Web development. The project will involve 6 months of work.,[]
Design a Machine learning tool,This project involves Machine learning and requires a team of developers proficient in Machine learning. The project will involve 6 months of work.,[]
Code a Web development platform,This project involves Web development and requires a team of developers proficient in Web development. The project will involve 4 months of work.,[]
Implement a Java programming platform,This project involves Java programming and requires a team of developers proficient in Java programming. The project will involve 5 months of work.,[]
Implement a Machine learning tool,This project involves Machine learning and requires a team of developers proficient in Machine learning. The project will involve 3 months of work.,[]
Implement a C++ programming system,This project involves C++ programming and requires a team of developers proficient in C++ programming. The project will involve 6 months of work.,[]
Create a Machine learning app,This project involves Machine learning and requires a team of developers proficient in Machine learning. The project will involve 6 months of work.,[]
Implement a Data analysis tool,This project involves Data analysis and requires a team of developers proficient in Data analysis. The project will involve 4 months of work.,[]
Develop a UI/UX design app,This project involves UI/UX design and requires a team of developers proficient in UI/UX design. The project will involve 3 months of work.,[]
Create a Data analysis tool,This project involves Data analysis and requires a team of developers proficient in Data analysis. The project will involve 3 months of work.,[]
Build a UI/UX design platform,This project involves UI/UX design and requires a team of developers proficient in UI/UX design. The project will involve 3 months of work.,[]
Design a Android mobile App programming tool,This project involves Android mobile App programming and requires a team of developers proficient in Android mobile App programming. The project will involve 6 months of work.,[]
Design a Machine learning app,This project involves Machine learning and requires a team of developers proficient in Machine learning. The project will involve 4 months of work.,[]
Code a Data analysis system,This project involves Data analysis and requires a team of developers proficient in Data analysis. The project will involve 6 months of work.,[]
Develop a Data analysis platform,This project involves Data analysis and requires a team of developers proficient in Data analysis. The project will involve 4 months of work.,[]
Build a Data analysis tool,This project involves Data analysis and requires a team of developers proficient in Data analysis. The project will involve 5 months of work.,[]
Build a Java programming tool,This project involves Java programming and requires a team of developers proficient in Java programming. The project will involve 4 months of work.,[]
Create a Java programming tool,This project involves Java programming and requires a team of developers proficient in Java programming. The project will involve 3 months of work.,[]
Design a Web development platform,This project involves Web development and requires a team of developers proficient in Web development. The project will involve 6 months of work.,[]
Code a Java programming system,This project involves Java programming and requires a team of developers proficient in Java programming. The project will involve 5 months of work.,[]
Design a UI/UX design project,This project involves UI/UX design and requires a team of developers proficient in UI/UX design. The project will involve 6 months of work.,[]
Design a Machine learning app,This project involves Machine learning and requires a team of developers proficient in Machine learning. The project will involve 5 months of work.,[]
Code a C++ programming system,This project involves C++ programming and requires a team of developers proficient in C++ programming. The project will involve 3 months of work.,[]
Develop a Java programming platform,This project involves Java programming and requires a team of developers proficient in Java programming. The project will involve 3 months of work.,[]
Design a Data analysis project,This project involves Data analysis and requires a team of developers proficient in Data analysis. The project will involve 6 months of work.,[]
Implement a C++ programming project,This project involves C++ programming and requires a team of developers proficient in C++ programming. The project will involve 6 months of work.,[]
Design a C++ programming platform,This project involves C++ programming and requires a team of developers proficient in C++ programming. The project will involve 5 months of work.,[]
Create a Android mobile App programming app,This project involves Android mobile App programming and requires a team of developers proficient in Android mobile App programming. The project will involve 6 months of work.,[]
Create a C++ programming platform,This project involves C++ programming and requires a team of developers proficient in C++ programming. The project will involve 6 months of work.,[]
Code a Android mobile App programming app,This project involves Android mobile App programming and requires a team of developers proficient in Android mobile App programming. The project will involve 4 months of work.,[]
Create a Machine learning project,This project involves Machine learning and requires a team of developers proficient in Machine learning. The project will involve 5 months of work.,[]
Build a Android mobile App programming tool,This project involves Android mobile App programming and requires a team of developers proficient in Android mobile App programming. The project will involve 4 months of work.,[]
Build a Data analysis system,This project involves Data analysis and requires a team of developers proficient in Data analysis. The project will involve 6 months of work.,[]
Code a Web development tool,This project involves Web development and requires a team of developers proficient in Web development. The project will involve 5 months of work.,[]
Build a Machine learning project,This project involves Machine learning and requires a team of developers proficient in Machine learning. The project will involve 5 months of work.,[]
Code a UI/UX design app,This project involves UI/UX design and requires a team of developers proficient in UI/UX design. The project will involve 6 months of work.,[]
Build a UI/UX design app,This project involves UI/UX design and requires a team of developers proficient in UI/UX design. The project will involve 5 months of work.,[]
Code a C++ programming tool,This project involves C++ programming and requires a team of developers proficient in C++ programming. The project will involve 5 months of work.,[]
Create a Android mobile App programming platform,This project involves Android mobile App programming and requires a team of developers proficient in Android mobile App programming. The project will involve 3 months of work.,[]
Develop a Web development project,This project involves Web development and requires a team of developers proficient in Web development. The project will involve 6 months of work.,[]
Design a Android mobile App programming tool,This project involves Android mobile App programming and requires a team of developers proficient in Android mobile App programming. The project will involve 3 months of work.,[]
Implement a Data analysis app,This project involves Data analysis and requires a team of developers proficient in Data analysis. The project will involve 3 months of work.,[]
Implement a C++ programming project,This project involves C++ programming and requires a team of developers proficient in C++ programming. The project will involve 6 months of work.,[]
Design a C++ programming system,This project involves C++ programming and requires a team of developers proficient in C++ programming. The project will involve 4 months of work.,[]
Create a UI/UX design tool,This project involves UI/UX design and requires a team of developers proficient in UI/UX design. The project will involve 4 months of work.,[]
Develop a Android mobile App programming tool,This project involves Android mobile App programming and requires a team of developers proficient in Android mobile App programming. The project will involve 3 months of work.,[]
Create a UI/UX design system,This project involves UI/UX design and requires a team of developers proficient in UI/UX design. The project will involve 6 months of work.,[]
Design a UI/UX design platform,This project involves UI/UX design and requires a team of developers proficient in UI/UX design. The project will involve 6 months of work.,[]
Create a Android mobile App programming platform,This project involves Android mobile App programming and requires a team of developers proficient in Android mobile App programming. The project will involve 4 months of work.,[]
Develop a Web development app,This project involves Web development and requires a team of developers proficient in Web development. The project will involve 5 months of work.,[]
Develop a UI/UX design app,This project involves UI/UX design and requires a team of developers proficient in UI/UX design. The project will involve 3 months of work.,[]
Develop a UI/UX design app,This project involves UI/UX design and requires a team of developers proficient in UI/UX design. The project will involve 4 months of work.,[]
Build a Android mobile App programming app,This project involves Android mobile App programming and requires a team of developers proficient in Android mobile App programming. The project will involve 5 months of work.,[]
Create a Web development tool,This project involves Web development and requires a team of developers proficient in Web development. The project will involve 6 months of work.,[]
Implement a Java programming app,This project involves Java programming and requires a team of developers proficient in Java programming. The project will involve 5 months of work.,[]
Implement a Web development project,This project involves Web development and requires a team of developers proficient in Web development. The project will involve 4 months of work.,[]
Create a Web development tool,This project involves Web development and requires a team of developers proficient in Web development. The project will involve 5 months of work.,[]
Develop a UI/UX design platform,This project involves UI/UX design and requires a team of developers proficient in UI/UX design. The project will involve 6 months of work.,[]
Implement a Web development platform,This project involves Web development and requires a team of developers proficient in Web development. The project will involve 5 months of work.,[]
Build a Java programming app,This project involves Java programming and requires a team of developers proficient in Java programming. The project will involve 5 months of work.,[]
Design a Web development project,This project involves Web development and requires a team of developers proficient in Web development. The project will involve 4 months of work.,[]
Create a C++ programming app,This project involves C++ programming and requires a team of developers proficient in C++ programming. The project will involve 4 months of work.,[]
